cycle,voltage,current,temperature,RUL
1,4.209,0.506,24.43,1194.88
2,4.195,0.479,25.16,1194.4
3,4.21,0.507,24.59,1207.25
4,4.227,0.528,24.82,1196.0
5,4.191,0.503,26.39,1198.91
6,4.19,0.503,26.13,1190.05
7,4.225,0.466,24.03,1189.1
8,4.208,0.468,25.74,1197.41
9,4.183,0.432,25.74,1184.25
10,4.202,0.589,24.18,1187.92
11,4.181,0.44,25.77,1189.17
12,4.18,0.468,26.35,1188.56
13,4.193,0.467,24.23,1186.1
14,4.149,0.548,24.41,1187.98
15,4.152,0.488,25.96,1188.46
16,4.174,0.566,25.38,1187.67
17,4.164,0.47,25.61,1178.07
18,4.19,0.518,25.45,1180.58
19,4.165,0.462,25.5,1186.97
20,4.154,0.611,24.14,1184.47
21,4.21,0.445,26.05,1172.14
22,4.176,0.52,26.16,1179.76
23,4.181,0.536,25.05,1167.11
24,4.15,0.525,25.21,1176.23
25,4.167,0.496,24.03,1184.49
26,4.179,0.499,25.67,1169.26
27,4.153,0.508,25.73,1168.83
28,4.182,0.498,25.23,1175.82
29,4.162,0.554,26.19,1163.29
30,4.167,0.617,25.03,1166.84
31,4.16,0.478,25.76,1171.98
32,4.208,0.438,24.5,1164.83
33,4.17,0.502,25.31,1165.82
34,4.148,0.636,25.2,1169.72
35,4.185,0.467,25.53,1167.11
36,4.143,0.589,25.06,1165.33
37,4.171,0.591,25.26,1161.3
38,4.127,0.48,26.04,1163.85
39,4.138,0.536,25.04,1160.38
40,4.168,0.589,24.11,1162.29
41,4.178,0.489,26.81,1156.52
42,4.166,0.498,26.53,1157.09
43,4.159,0.48,24.4,1152.05
44,4.154,0.458,25.99,1155.82
45,4.13,0.477,25.05,1150.94
46,4.144,0.448,25.67,1148.43
47,4.148,0.511,25.71,1154.29
48,4.178,0.471,25.29,1153.06
49,4.163,0.521,24.86,1154.91
50,4.12,0.432,24.95,1147.84
51,4.161,0.527,24.78,1151.04
52,4.145,0.552,24.85,1150.75
53,4.139,0.411,25.48,1149.22
54,4.164,0.53,24.97,1141.87
55,4.171,0.572,26.1,1145.75
56,4.168,0.451,26.75,1145.82
57,4.132,0.595,25.11,1143.04
58,4.142,0.533,25.77,1131.57
59,4.154,0.477,25.99,1141.8
60,4.166,0.509,25.98,1151.06
61,4.136,0.54,25.67,1137.2
62,4.14,0.516,26.21,1134.36
63,4.121,0.54,26.02,1138.87
64,4.118,0.467,24.65,1137.56
65,4.158,0.521,26.35,1140.96
66,4.168,0.443,26.37,1127.71
67,4.138,0.508,25.06,1136.66
68,4.159,0.468,25.71,1134.95
69,4.145,0.477,26.24,1130.29
70,4.124,0.576,25.53,1131.69
71,4.143,0.569,26.57,1134.15
72,4.166,0.545,27.61,1132.36
73,4.134,0.46,25.1,1121.28
74,4.165,0.499,24.64,1130.1
75,4.08,0.576,25.99,1124.68
76,4.148,0.522,26.34,1124.36
77,4.132,0.631,25.59,1123.37
78,4.124,0.535,26.94,1121.25
79,4.131,0.525,24.72,1126.96
80,4.088,0.501,26.35,1119.58
81,4.123,0.523,25.33,1113.4
82,4.133,0.509,27.2,1116.03
83,4.155,0.552,27.42,1117.89
84,4.114,0.565,25.23,1122.15
85,4.107,0.478,25.41,1118.02
86,4.113,0.451,26.55,1109.75
87,4.14,0.426,25.56,1125.43
88,4.127,0.543,25.84,1113.32
89,4.109,0.463,25.91,1117.38
90,4.129,0.41,24.36,1109.24
91,4.12,0.538,25.9,1111.67
92,4.137,0.643,25.37,1112.2
93,4.102,0.518,25.54,1113.09
94,4.109,0.561,27.09,1111.29
95,4.107,0.523,24.94,1109.36
96,4.084,0.514,26.61,1102.42
97,4.119,0.565,25.75,1100.14
98,4.117,0.505,25.76,1103.66
99,4.111,0.533,26.62,1105.67
100,4.105,0.536,26.27,1098.89
101,4.081,0.487,26.47,1104.33
102,4.1,0.57,26.79,1105.26
103,4.1,0.512,25.76,1092.42
104,4.09,0.483,25.55,1091.82
105,4.102,0.548,25.18,1094.3
106,4.113,0.476,25.4,1095.54
107,4.141,0.523,28.43,1090.38
108,4.106,0.521,27.08,1098.76
109,4.107,0.576,25.01,1093.12
110,4.1,0.546,25.04,1090.2
111,4.062,0.521,26.5,1081.82
112,4.099,0.563,26.56,1081.42
113,4.1,0.592,26.57,1088.41
114,4.147,0.551,25.94,1075.34
115,4.093,0.524,26.05,1090.06
116,4.102,0.458,26.42,1083.21
117,4.094,0.47,26.24,1099.22
118,4.07,0.508,24.4,1093.54
119,4.116,0.493,26.01,1080.09
120,4.107,0.515,25.52,1079.47
121,4.107,0.527,26.35,1083.98
122,4.072,0.551,28.61,1086.52
123,4.117,0.521,26.52,1068.81
124,4.06,0.549,25.99,1067.07
125,4.099,0.528,26.99,1071.89
126,4.13,0.426,26.65,1076.91
127,4.066,0.478,26.61,1075.48
128,4.073,0.518,26.77,1077.35
129,4.086,0.465,27.94,1065.0
130,4.073,0.556,25.4,1058.42
131,4.051,0.603,26.69,1073.29
132,4.083,0.587,25.58,1063.86
133,4.059,0.516,26.77,1056.91
134,4.089,0.601,25.61,1066.73
135,4.06,0.534,26.02,1068.97
136,4.109,0.51,26.12,1063.39
137,4.061,0.497,27.15,1060.71
138,4.069,0.512,27.11,1061.2
139,4.091,0.508,25.39,1059.15
140,4.049,0.537,26.44,1053.26
141,4.078,0.536,25.84,1055.43
142,4.098,0.529,25.41,1060.61
143,4.039,0.55,26.26,1058.61
144,4.074,0.588,26.19,1056.84
145,4.075,0.576,28.39,1050.02
146,4.084,0.455,26.81,1053.09
147,4.043,0.402,25.37,1042.11
148,4.04,0.576,26.03,1052.89
149,4.076,0.461,27.31,1058.14
150,4.071,0.519,28.17,1042.63
151,4.069,0.472,25.24,1046.07
152,4.07,0.44,25.02,1049.65
153,4.049,0.558,28.03,1053.26
154,4.066,0.569,26.85,1043.76
155,4.066,0.502,25.86,1041.54
156,4.045,0.402,26.99,1034.16
157,4.096,0.504,24.46,1043.52
158,4.067,0.551,26.58,1052.21
159,4.033,0.458,26.85,1042.39
160,4.069,0.541,27.34,1039.89
161,4.036,0.531,25.8,1040.61
162,4.07,0.561,26.69,1037.94
163,4.076,0.539,25.89,1032.93
164,4.036,0.484,26.84,1040.12
165,4.071,0.593,25.93,1036.13
166,4.059,0.525,26.33,1034.09
167,4.066,0.532,25.87,1028.12
168,4.087,0.487,27.2,1038.52
169,4.043,0.512,27.38,1034.32
170,4.032,0.49,26.51,1027.24
171,4.028,0.526,26.74,1034.01
172,4.029,0.62,25.56,1025.51
173,4.043,0.466,26.49,1023.09
174,4.05,0.454,26.7,1022.2
175,4.048,0.609,28.85,1016.14
176,4.058,0.525,25.87,1026.36
177,4.041,0.502,27.94,1013.84
178,4.069,0.588,27.58,1015.86
179,4.034,0.506,27.01,1010.62
180,4.092,0.627,28.21,1019.57
181,4.05,0.57,27.11,1018.25
182,4.019,0.512,27.13,1016.37
183,4.014,0.644,26.79,1011.79
184,4.044,0.507,27.82,1010.14
185,4.029,0.574,27.73,1017.32
186,4.047,0.552,26.36,1011.25
187,4.041,0.602,25.81,1014.58
188,4.029,0.616,26.72,1007.57
189,4.013,0.539,26.25,1011.91
190,3.999,0.5,26.85,1016.52
191,4.019,0.561,27.9,1011.93
192,4.044,0.505,26.55,1005.94
193,4.031,0.639,26.9,1008.29
194,4.0,0.546,26.99,1004.8
195,4.028,0.521,27.63,1005.04
196,4.031,0.548,25.16,1002.37
197,4.005,0.472,26.48,1002.18
198,4.025,0.491,27.15,1003.06
199,4.022,0.6,27.95,996.03
200,3.997,0.507,26.61,994.92
201,4.026,0.488,25.51,992.06
202,4.029,0.567,27.52,990.0
203,4.039,0.6,26.52,990.91
204,4.037,0.577,26.09,996.8
205,3.988,0.591,26.55,990.54
206,3.996,0.503,26.91,996.57
207,4.024,0.47,26.59,993.17
208,4.023,0.617,25.32,982.16
209,4.022,0.526,27.81,994.27
210,4.088,0.529,28.12,994.05
211,4.022,0.609,27.63,984.03
212,4.032,0.57,26.21,990.1
213,4.027,0.565,26.97,982.72
214,4.02,0.651,27.13,986.49
215,4.0,0.511,27.63,978.68
216,4.021,0.59,27.69,975.03
217,3.989,0.546,26.58,981.09
218,3.999,0.557,27.25,981.38
219,3.993,0.62,27.56,979.01
220,4.004,0.569,28.36,974.08
221,4.047,0.571,27.77,977.0
222,3.963,0.598,27.85,979.35
223,4.013,0.526,27.3,976.78
224,3.966,0.503,28.37,976.91
225,3.988,0.493,27.58,971.65
226,4.018,0.447,26.57,979.86
227,3.997,0.648,28.39,967.12
228,3.973,0.49,27.84,974.44
229,3.98,0.535,26.94,976.91
230,4.007,0.532,26.92,972.4
231,3.977,0.562,27.55,967.99
232,3.996,0.587,27.69,965.36
233,3.991,0.59,27.49,972.18
234,3.976,0.518,27.59,958.89
235,4.031,0.539,28.71,960.15
236,4.0,0.561,28.22,962.01
237,3.946,0.535,27.52,969.19
238,3.99,0.628,28.13,963.9
239,3.972,0.572,26.56,956.16
240,4.001,0.585,27.72,958.45
241,3.967,0.581,28.86,955.93
242,3.98,0.607,27.25,954.45
243,3.991,0.558,26.75,961.89
244,3.998,0.484,26.92,949.14
245,3.955,0.569,26.58,963.04
246,3.972,0.517,26.83,958.14
247,3.968,0.523,27.17,958.45
248,3.964,0.579,26.36,949.69
249,4.011,0.612,27.5,950.25
250,3.983,0.551,28.22,942.83
251,3.949,0.566,26.78,946.38
252,3.992,0.636,28.74,950.47
253,4.015,0.563,27.94,953.48
254,3.992,0.681,28.36,940.46
255,3.94,0.579,27.02,943.17
256,3.96,0.463,28.24,943.24
257,3.994,0.589,26.7,936.02
258,3.954,0.571,28.29,944.96
259,3.976,0.616,27.73,937.38
260,3.981,0.586,28.04,939.02
261,3.947,0.545,26.67,936.74
262,3.963,0.491,26.9,934.05
263,3.898,0.542,28.11,936.96
264,3.942,0.51,26.88,934.92
265,3.956,0.524,28.02,933.14
266,3.936,0.583,26.57,930.36
267,3.992,0.637,28.35,934.6
268,3.93,0.573,26.69,940.27
269,3.949,0.494,28.13,931.7
270,3.96,0.576,28.2,934.98
271,3.985,0.614,27.15,922.05
272,3.926,0.524,28.19,928.79
273,3.978,0.548,27.94,921.51
274,3.954,0.556,27.31,918.62
275,3.933,0.516,26.94,921.3
276,3.961,0.588,26.19,929.96
277,3.955,0.549,28.05,927.75
278,3.938,0.577,26.53,923.22
279,3.95,0.511,27.87,913.34
280,3.94,0.534,27.59,919.02
281,3.949,0.592,28.35,920.51
282,3.959,0.538,27.58,918.88
283,3.977,0.643,27.57,907.78
284,3.92,0.537,28.43,911.55
285,3.986,0.568,28.12,914.68
286,3.904,0.604,28.11,916.68
287,3.939,0.486,28.25,902.02
288,3.953,0.47,26.65,911.19
289,3.946,0.482,28.5,911.72
290,3.927,0.621,28.39,914.25
291,3.934,0.531,27.1,912.46
292,3.927,0.686,27.72,910.91
293,3.925,0.53,27.9,903.0
294,3.952,0.568,27.83,896.46
295,3.942,0.636,28.22,903.03
296,3.92,0.66,29.11,909.01
297,3.951,0.662,28.84,909.97
298,3.938,0.62,26.93,905.55
299,3.947,0.611,28.49,903.15
300,3.943,0.59,29.06,901.9
301,3.913,0.599,28.32,896.22
302,3.917,0.533,28.89,897.35
303,3.942,0.52,29.64,905.35
304,3.939,0.561,28.86,891.29
305,3.925,0.552,28.25,903.07
306,3.927,0.539,28.9,892.39
307,3.949,0.596,28.19,899.63
308,3.911,0.609,28.1,884.97
309,3.933,0.566,27.81,893.93
310,3.917,0.636,29.35,886.32
311,3.916,0.505,27.46,881.92
312,3.941,0.553,29.35,889.09
313,3.935,0.527,28.53,892.05
314,3.934,0.469,27.02,881.78
315,3.943,0.559,28.44,877.5
316,3.916,0.557,26.48,883.54
317,3.928,0.639,28.67,882.56
318,3.908,0.595,28.89,884.74
319,3.919,0.513,27.72,885.75
320,3.909,0.657,28.3,879.7
321,3.913,0.625,29.77,888.28
322,3.922,0.594,27.82,879.12
323,3.893,0.553,27.38,875.27
324,3.95,0.517,29.43,867.94
325,3.887,0.546,29.82,873.69
326,3.882,0.62,28.26,872.32
327,3.929,0.66,29.08,877.8
328,3.921,0.643,29.35,874.31
329,3.916,0.541,27.7,865.1
330,3.916,0.51,27.91,870.86
331,3.902,0.573,29.29,872.36
332,3.883,0.478,29.67,875.64
333,3.902,0.583,28.78,871.44
334,3.886,0.559,27.64,869.8
335,3.918,0.544,29.94,865.3
336,3.895,0.487,27.94,865.94
337,3.88,0.593,28.1,869.25
338,3.889,0.541,28.65,855.34
339,3.903,0.509,29.63,859.25
340,3.883,0.424,29.08,856.14
341,3.877,0.567,28.74,860.9
342,3.897,0.657,28.79,864.15
343,3.896,0.652,28.46,854.02
344,3.88,0.546,28.89,844.05
345,3.88,0.539,26.43,852.94
346,3.893,0.593,28.22,858.57
347,3.859,0.519,28.66,855.69
348,3.859,0.585,27.56,854.14
349,3.872,0.608,28.8,849.6
350,3.881,0.631,28.34,843.6
351,3.89,0.565,29.91,851.58
352,3.913,0.56,29.78,843.83
353,3.899,0.527,28.16,857.92
354,3.878,0.529,28.42,848.85
355,3.88,0.56,28.49,842.1
356,3.86,0.59,28.2,840.94
357,3.878,0.617,28.73,842.54
358,3.872,0.531,27.97,840.8
359,3.883,0.646,27.69,846.58
360,3.859,0.558,29.1,840.93
361,3.885,0.571,29.11,835.34
362,3.905,0.535,27.98,847.45
363,3.871,0.451,29.35,837.25
364,3.88,0.617,28.13,839.84
365,3.885,0.61,28.85,831.96
366,3.863,0.559,29.32,835.82
367,3.874,0.577,28.64,834.56
368,3.869,0.599,29.04,822.55
369,3.87,0.496,28.28,841.08
370,3.852,0.548,28.54,836.45
371,3.867,0.614,28.55,827.01
372,3.875,0.512,28.12,822.49
373,3.893,0.589,28.59,828.74
374,3.883,0.507,27.5,826.43
375,3.906,0.598,28.36,826.78
376,3.846,0.573,28.53,824.96
377,3.878,0.495,28.57,825.53
378,3.863,0.634,28.59,829.24
379,3.903,0.539,28.74,823.84
380,3.842,0.535,29.18,814.75
381,3.84,0.586,29.51,825.81
382,3.844,0.634,28.3,826.2
383,3.813,0.526,27.87,832.76
384,3.844,0.58,28.01,810.38
385,3.838,0.598,28.46,816.21
386,3.856,0.612,28.58,803.59
387,3.859,0.586,28.25,815.77
388,3.888,0.559,27.84,809.26
389,3.869,0.536,28.53,820.62
390,3.837,0.582,29.05,806.13
391,3.83,0.525,29.39,800.55
392,3.857,0.432,28.47,805.64
393,3.82,0.6,28.6,797.12
394,3.882,0.624,28.2,809.76
395,3.868,0.461,28.92,794.67
396,3.834,0.529,28.28,804.14
397,3.808,0.61,29.43,792.61
398,3.869,0.682,27.55,800.4
399,3.839,0.581,28.7,809.22
400,3.865,0.544,29.24,801.8
401,3.807,0.571,29.16,794.68
402,3.826,0.649,31.17,797.84
403,3.837,0.548,29.31,797.09
404,3.837,0.541,28.24,798.36
405,3.826,0.557,28.97,788.17
406,3.847,0.534,27.64,796.96
407,3.812,0.588,29.01,779.48
408,3.83,0.663,28.41,788.85
409,3.834,0.598,29.82,788.56
410,3.841,0.569,28.66,793.17
411,3.844,0.568,29.02,789.11
412,3.807,0.504,28.61,780.97
413,3.798,0.627,30.52,782.08
414,3.853,0.579,28.88,786.99
415,3.833,0.574,30.62,784.6
416,3.811,0.743,29.81,781.1
417,3.856,0.598,29.56,780.6
418,3.826,0.546,29.47,785.48
419,3.846,0.562,29.51,778.41
420,3.823,0.641,27.66,779.56
421,3.862,0.59,28.99,789.85
422,3.855,0.512,29.9,770.88
423,3.814,0.631,29.19,767.74
424,3.838,0.551,28.12,779.92
425,3.83,0.679,29.21,771.61
426,3.844,0.639,30.62,772.41
427,3.796,0.563,30.27,769.09
428,3.829,0.65,29.23,770.7
429,3.835,0.589,30.05,778.99
430,3.778,0.629,29.01,774.01
431,3.788,0.61,27.95,773.31
432,3.77,0.544,28.58,760.92
433,3.805,0.554,30.58,761.24
434,3.824,0.638,29.12,751.8
435,3.839,0.57,29.16,760.95
436,3.809,0.567,29.12,768.78
437,3.839,0.54,30.89,765.58
438,3.778,0.609,30.68,760.89
439,3.771,0.691,31.17,760.89
440,3.803,0.535,29.27,756.56
441,3.811,0.589,29.65,760.02
442,3.802,0.659,28.21,761.83
443,3.76,0.585,30.61,748.92
444,3.799,0.611,28.51,757.5
445,3.773,0.536,29.62,759.66
446,3.812,0.611,28.58,751.92
447,3.805,0.58,29.0,756.5
448,3.778,0.639,28.81,766.07
449,3.786,0.649,29.0,750.48
450,3.774,0.719,29.07,751.97
451,3.793,0.619,29.07,745.31
452,3.812,0.607,30.19,748.91
453,3.773,0.6,28.65,749.3
454,3.801,0.573,29.72,746.97
455,3.78,0.608,30.52,739.9
456,3.774,0.576,29.15,745.03
457,3.787,0.6,29.0,750.31
458,3.767,0.657,29.4,744.24
459,3.776,0.541,30.53,745.81
460,3.762,0.649,29.76,738.81
461,3.824,0.658,29.19,742.75
462,3.785,0.586,30.01,739.4
463,3.769,0.487,28.75,732.25
464,3.787,0.562,30.19,737.59
465,3.779,0.658,29.98,730.04
466,3.776,0.592,29.41,730.84
467,3.792,0.543,29.0,733.95
468,3.794,0.568,28.97,733.49
469,3.767,0.636,30.12,725.05
470,3.765,0.621,30.68,735.27
471,3.771,0.582,29.2,731.86
472,3.729,0.576,30.09,724.48
473,3.744,0.575,28.06,719.31
474,3.801,0.549,29.27,725.28
475,3.805,0.676,29.73,722.77
476,3.767,0.579,29.03,724.57
477,3.782,0.656,29.02,721.18
478,3.776,0.672,29.25,711.96
479,3.83,0.646,30.02,719.06
480,3.79,0.574,29.65,718.47
481,3.765,0.616,28.02,722.17
482,3.747,0.595,28.12,714.51
483,3.733,0.551,29.34,725.39
484,3.768,0.613,30.21,706.44
485,3.748,0.538,27.65,721.56
486,3.734,0.657,29.46,712.88
487,3.749,0.574,29.45,717.3
488,3.739,0.608,30.99,712.4
489,3.794,0.612,29.58,716.7
490,3.777,0.585,30.21,708.06
491,3.758,0.628,30.02,703.51
492,3.787,0.575,28.22,715.1
493,3.758,0.642,30.54,706.43
494,3.738,0.532,30.11,707.11
495,3.785,0.605,30.36,711.17
496,3.764,0.696,33.1,698.84
497,3.732,0.549,28.3,705.98
498,3.748,0.566,31.36,699.05
499,3.733,0.625,29.76,700.34
500,3.722,0.609,30.23,700.36
501,3.768,0.618,29.97,691.5
502,3.786,0.625,29.68,694.11
503,3.719,0.632,29.57,703.76
504,3.758,0.656,30.3,700.43
505,3.732,0.621,28.84,694.69
506,3.735,0.589,30.66,695.22
507,3.732,0.635,29.74,691.53
508,3.726,0.697,29.18,698.78
509,3.743,0.595,29.73,690.0
510,3.724,0.553,31.11,691.16
511,3.746,0.658,29.68,694.73
512,3.738,0.596,30.41,684.11
513,3.734,0.494,29.55,694.79
514,3.719,0.645,30.75,678.35
515,3.725,0.576,30.7,693.15
516,3.751,0.599,31.64,682.14
517,3.745,0.62,30.03,681.79
518,3.714,0.613,30.71,672.55
519,3.735,0.639,30.27,678.73
520,3.747,0.582,31.24,674.8
521,3.698,0.63,29.63,675.96
522,3.741,0.591,30.82,677.31
523,3.716,0.642,30.07,681.79
524,3.74,0.636,30.19,677.04
525,3.712,0.558,30.32,676.54
526,3.691,0.659,30.46,668.52
527,3.693,0.579,30.18,668.6
528,3.726,0.646,30.45,680.99
529,3.729,0.624,31.55,667.32
530,3.705,0.698,31.09,678.28
531,3.735,0.595,31.01,667.78
532,3.688,0.589,29.96,668.01
533,3.719,0.606,29.62,672.35
534,3.695,0.592,31.1,672.36
535,3.705,0.647,31.05,664.45
536,3.719,0.526,31.54,662.06
537,3.699,0.555,29.89,662.72
538,3.708,0.554,30.2,663.69
539,3.735,0.655,29.08,665.46
540,3.702,0.694,30.09,660.02
541,3.73,0.603,31.21,662.09
542,3.69,0.6,30.05,666.19
543,3.722,0.612,30.94,658.91
544,3.739,0.667,30.29,657.56
545,3.66,0.563,30.71,647.41
546,3.693,0.621,29.54,640.85
547,3.719,0.658,30.54,654.94
548,3.703,0.635,28.09,651.53
549,3.713,0.619,30.34,648.43
550,3.693,0.66,29.2,651.22
551,3.706,0.475,31.47,648.7
552,3.7,0.644,31.14,653.64
553,3.726,0.578,30.9,647.43
554,3.706,0.519,31.76,642.27
555,3.707,0.637,29.79,649.95
556,3.691,0.68,31.96,642.91
557,3.689,0.605,31.32,645.63
558,3.689,0.659,30.39,639.61
559,3.705,0.692,31.5,637.75
560,3.688,0.678,29.71,640.42
561,3.701,0.694,29.95,639.06
562,3.736,0.65,30.13,640.4
563,3.711,0.616,30.21,635.66
564,3.686,0.533,29.79,626.82
565,3.716,0.601,31.63,632.84
566,3.682,0.571,30.45,637.97
567,3.649,0.722,30.95,631.51
568,3.669,0.605,30.22,630.77
569,3.65,0.62,29.23,635.93
570,3.68,0.642,30.92,626.44
571,3.686,0.616,29.18,621.29
572,3.719,0.699,30.67,627.2
573,3.691,0.583,29.64,624.58
574,3.679,0.625,32.33,621.17
575,3.699,0.578,31.48,624.12
576,3.637,0.549,30.84,626.46
577,3.685,0.585,31.78,622.95
578,3.695,0.614,30.1,623.53
579,3.649,0.594,31.22,630.07
580,3.701,0.581,30.96,618.29
581,3.684,0.546,31.02,620.39
582,3.668,0.612,31.84,615.45
583,3.688,0.541,31.42,612.77
584,3.72,0.655,31.07,613.08
585,3.677,0.621,29.53,612.61
586,3.678,0.544,30.09,615.8
587,3.663,0.602,30.77,624.75
588,3.654,0.58,30.95,608.42
589,3.687,0.634,29.99,608.92
590,3.652,0.685,32.83,609.68
591,3.67,0.524,32.12,610.98
592,3.658,0.624,31.4,609.32
593,3.676,0.611,30.99,613.42
594,3.672,0.652,30.77,593.87
595,3.685,0.63,30.19,593.07
596,3.653,0.582,31.02,601.52
597,3.657,0.603,31.18,608.49
598,3.642,0.58,29.99,594.17
599,3.652,0.674,31.26,585.96
600,3.668,0.621,30.88,602.86
601,3.674,0.715,29.48,600.22
602,3.64,0.617,30.33,592.55
603,3.675,0.585,30.7,592.07
604,3.684,0.545,32.55,591.15
605,3.664,0.531,31.5,595.55
606,3.692,0.542,29.99,590.87
607,3.638,0.635,31.46,595.47
608,3.628,0.647,29.84,577.73
609,3.616,0.543,31.96,586.72
610,3.681,0.667,30.72,584.37
611,3.663,0.598,31.04,587.72
612,3.648,0.63,32.18,585.31
613,3.654,0.703,30.1,590.99
614,3.625,0.668,30.02,576.7
615,3.695,0.61,30.68,585.23
616,3.648,0.579,31.99,586.79
617,3.647,0.516,29.95,592.28
618,3.658,0.588,28.91,579.59
619,3.653,0.613,30.83,582.62
620,3.646,0.575,31.64,570.98
621,3.625,0.618,32.17,567.04
622,3.65,0.628,30.85,582.22
623,3.677,0.613,30.9,576.97
624,3.665,0.592,32.16,581.89
625,3.669,0.633,29.75,568.13
626,3.626,0.647,30.95,576.6
627,3.616,0.571,31.42,582.34
628,3.632,0.696,31.64,574.1
629,3.635,0.621,30.88,572.38
630,3.655,0.627,31.33,570.04
631,3.598,0.662,29.32,561.15
632,3.662,0.638,30.79,574.78
633,3.627,0.674,31.69,563.95
634,3.621,0.641,30.55,568.52
635,3.608,0.596,31.4,557.18
636,3.595,0.645,31.72,558.1
637,3.643,0.57,31.1,570.18
638,3.627,0.633,31.52,560.26
639,3.599,0.626,30.62,568.27
640,3.598,0.618,31.23,559.61
641,3.616,0.622,31.9,549.79
642,3.656,0.534,31.55,562.46
643,3.616,0.601,30.96,554.05
644,3.59,0.633,31.62,559.49
645,3.615,0.637,32.02,555.13
646,3.613,0.578,29.82,546.28
647,3.564,0.693,32.4,553.82
648,3.616,0.586,31.21,562.98
649,3.611,0.678,31.83,553.46
650,3.629,0.651,32.46,549.71
651,3.651,0.598,30.41,554.38
652,3.636,0.719,30.95,549.05
653,3.607,0.571,31.3,548.05
654,3.589,0.677,30.91,540.54
655,3.662,0.681,32.94,546.17
656,3.611,0.598,30.87,549.18
657,3.609,0.701,31.13,538.82
658,3.607,0.619,31.74,549.12
659,3.611,0.646,30.63,540.54
660,3.603,0.645,31.28,535.56
661,3.594,0.625,31.86,543.99
662,3.593,0.673,31.35,536.57
663,3.603,0.672,31.56,540.8
664,3.592,0.545,31.22,534.54
665,3.587,0.698,30.44,534.7
666,3.603,0.55,31.92,536.47
667,3.595,0.685,33.07,534.45
668,3.629,0.69,31.69,522.02
669,3.545,0.579,31.87,525.39
670,3.619,0.613,32.25,534.65
671,3.621,0.579,30.69,528.34
672,3.554,0.624,33.08,525.38
673,3.587,0.619,31.89,520.21
674,3.586,0.674,33.05,520.6
675,3.564,0.701,31.16,514.89
676,3.576,0.705,33.21,523.49
677,3.568,0.607,32.39,520.01
678,3.625,0.625,32.22,517.17
679,3.608,0.552,31.98,520.66
680,3.613,0.596,31.6,521.82
681,3.602,0.684,32.77,529.47
682,3.564,0.717,31.93,510.44
683,3.575,0.575,30.26,522.8
684,3.594,0.607,30.95,520.87
685,3.559,0.636,31.7,511.1
686,3.597,0.651,32.11,515.02
687,3.577,0.597,31.82,510.71
688,3.573,0.659,32.86,512.93
689,3.594,0.614,30.33,518.55
690,3.588,0.637,32.01,513.03
691,3.571,0.666,30.46,511.54
692,3.6,0.639,32.53,505.85
693,3.555,0.617,31.85,499.58
694,3.588,0.633,32.28,504.96
695,3.586,0.635,31.26,511.03
696,3.567,0.621,32.98,496.36
697,3.579,0.626,32.8,497.72
698,3.547,0.72,32.45,502.63
699,3.589,0.668,31.89,496.08
700,3.566,0.625,32.46,496.04
701,3.559,0.675,31.44,496.88
702,3.589,0.624,32.7,491.17
703,3.553,0.699,33.35,492.13
704,3.538,0.659,32.9,499.52
705,3.534,0.636,31.47,488.46
706,3.577,0.664,32.35,486.01
707,3.538,0.563,31.04,489.85
708,3.598,0.585,32.54,495.66
709,3.52,0.582,32.45,490.02
710,3.595,0.649,30.6,487.68
711,3.564,0.729,31.18,489.22
712,3.557,0.754,31.89,479.27
713,3.547,0.675,31.89,489.47
714,3.565,0.668,31.17,487.92
715,3.556,0.553,32.46,482.95
716,3.578,0.616,32.36,489.03
717,3.557,0.604,32.01,477.36
718,3.557,0.613,31.58,487.64
719,3.546,0.635,33.03,481.77
720,3.551,0.62,33.52,478.32
721,3.557,0.545,31.82,478.9
722,3.516,0.682,31.73,477.46
723,3.522,0.591,32.62,483.1
724,3.563,0.657,31.95,470.62
725,3.551,0.749,32.14,471.19
726,3.543,0.599,32.85,479.18
727,3.546,0.519,30.74,470.02
728,3.552,0.631,33.33,476.5
729,3.533,0.701,32.35,479.5
730,3.527,0.744,31.97,467.99
731,3.546,0.585,32.24,472.41
732,3.522,0.671,32.29,462.23
733,3.548,0.623,30.95,470.77
734,3.505,0.642,33.54,467.0
735,3.559,0.779,32.38,467.37
736,3.547,0.572,32.71,460.77
737,3.542,0.66,33.13,454.69
738,3.555,0.671,31.56,464.52
739,3.568,0.702,32.77,450.68
740,3.554,0.653,32.19,458.41
741,3.496,0.664,33.09,463.71
742,3.507,0.629,30.72,458.96
743,3.519,0.662,32.35,466.74
744,3.531,0.632,31.96,461.13
745,3.54,0.68,32.8,451.73
746,3.514,0.631,32.84,454.14
747,3.531,0.668,31.9,452.76
748,3.512,0.648,31.91,444.09
749,3.514,0.706,32.4,446.3
750,3.497,0.647,31.78,447.2
751,3.506,0.562,33.18,438.82
752,3.496,0.713,32.22,448.24
753,3.503,0.605,30.2,445.75
754,3.542,0.618,32.24,437.64
755,3.502,0.621,31.72,447.02
756,3.572,0.72,31.25,447.58
757,3.529,0.545,31.58,444.14
758,3.521,0.808,32.67,440.38
759,3.5,0.705,33.65,443.96
760,3.53,0.663,32.85,443.4
761,3.504,0.649,32.12,440.54
762,3.517,0.667,32.98,433.88
763,3.565,0.679,32.26,438.38
764,3.51,0.685,32.08,441.98
765,3.534,0.681,31.73,432.02
766,3.497,0.658,31.26,444.49
767,3.509,0.644,32.36,430.37
768,3.544,0.646,32.81,432.16
769,3.495,0.644,32.61,427.64
770,3.543,0.711,32.37,431.12
771,3.52,0.684,31.95,420.29
772,3.494,0.507,33.21,425.27
773,3.517,0.687,31.68,421.54
774,3.523,0.665,33.36,426.68
775,3.515,0.654,31.95,429.97
776,3.47,0.636,32.16,427.23
777,3.486,0.712,31.6,411.14
778,3.495,0.703,32.38,432.21
779,3.497,0.617,33.57,422.48
780,3.51,0.676,33.21,416.12
781,3.501,0.608,33.59,419.79
782,3.469,0.587,33.24,418.88
783,3.503,0.625,31.95,413.67
784,3.507,0.7,32.58,416.99
785,3.505,0.705,32.23,411.96
786,3.514,0.683,33.92,411.98
787,3.508,0.694,31.91,409.57
788,3.5,0.683,33.59,404.84
789,3.488,0.626,33.6,411.73
790,3.456,0.68,34.36,412.93
791,3.497,0.698,32.58,411.57
792,3.491,0.696,33.49,412.1
793,3.492,0.718,34.76,408.62
794,3.46,0.694,32.45,403.34
795,3.463,0.677,31.72,409.2
796,3.505,0.713,31.46,397.21
797,3.482,0.658,33.54,398.5
798,3.495,0.616,31.47,397.18
799,3.481,0.652,32.69,406.4
800,3.481,0.623,33.35,404.71
801,3.498,0.626,33.16,401.44
802,3.468,0.653,33.36,403.36
803,3.479,0.621,33.21,392.6
804,3.467,0.645,34.06,397.74
805,3.467,0.566,32.29,394.37
806,3.468,0.672,32.52,398.23
807,3.478,0.661,32.45,392.42
808,3.463,0.621,33.74,390.08
809,3.497,0.695,33.81,393.7
810,3.453,0.709,33.46,394.38
811,3.466,0.582,34.06,385.66
812,3.46,0.624,32.18,387.69
813,3.497,0.624,34.46,381.71
814,3.471,0.616,34.36,373.51
815,3.487,0.704,33.74,386.0
816,3.436,0.654,34.59,387.04
817,3.47,0.65,31.84,384.31
818,3.482,0.563,32.76,372.25
819,3.465,0.696,32.6,379.25
820,3.483,0.602,33.78,368.91
821,3.451,0.667,32.37,385.85
822,3.488,0.678,33.83,372.57
823,3.505,0.733,34.33,383.28
824,3.451,0.599,33.8,380.73
825,3.449,0.514,33.48,370.5
826,3.486,0.674,32.47,368.34
827,3.487,0.755,32.59,374.75
828,3.444,0.728,34.28,367.78
829,3.445,0.676,33.91,371.51
830,3.447,0.641,33.27,367.59
831,3.425,0.707,32.98,360.09
832,3.433,0.618,31.7,356.85
833,3.43,0.69,32.47,368.13
834,3.434,0.692,34.87,363.19
835,3.448,0.72,32.33,362.23
836,3.452,0.805,33.51,367.48
837,3.478,0.687,34.18,368.87
838,3.426,0.642,32.38,360.64
839,3.465,0.667,33.54,359.3
840,3.44,0.58,34.15,362.5
841,3.442,0.633,33.42,352.22
842,3.456,0.648,35.71,359.12
843,3.419,0.642,32.1,359.76
844,3.448,0.676,34.29,359.4
845,3.443,0.628,33.31,345.32
846,3.448,0.725,34.08,350.19
847,3.443,0.669,33.82,348.61
848,3.486,0.669,32.89,352.5
849,3.423,0.653,33.67,353.4
850,3.424,0.678,32.01,357.48
851,3.422,0.711,33.99,346.53
852,3.422,0.627,33.76,345.51
853,3.42,0.638,34.04,352.75
854,3.455,0.656,34.39,347.48
855,3.459,0.604,33.84,351.34
856,3.418,0.63,33.68,345.44
857,3.412,0.648,32.87,337.21
858,3.437,0.715,33.01,335.33
859,3.416,0.685,34.54,333.24
860,3.439,0.682,34.75,343.31
861,3.429,0.715,33.42,344.94
862,3.394,0.666,33.66,347.25
863,3.454,0.692,32.91,341.22
864,3.458,0.668,34.58,341.81
865,3.409,0.686,34.18,332.1
866,3.413,0.644,35.21,328.22
867,3.425,0.551,32.97,337.25
868,3.425,0.667,33.38,334.09
869,3.431,0.745,33.88,331.54
870,3.457,0.72,34.22,331.94
871,3.413,0.722,33.54,330.62
872,3.399,0.736,33.02,334.42
873,3.387,0.679,34.44,333.47
874,3.399,0.685,34.32,328.72
875,3.412,0.644,33.02,329.23
876,3.447,0.659,34.84,326.57
877,3.4,0.706,34.71,320.69
878,3.414,0.736,33.89,325.78
879,3.409,0.669,33.85,314.03
880,3.432,0.653,34.24,325.27
881,3.458,0.676,33.12,313.03
882,3.396,0.706,33.84,319.43
883,3.396,0.604,32.11,312.77
884,3.425,0.562,34.54,318.77
885,3.417,0.649,32.6,314.83
886,3.44,0.616,35.06,306.03
887,3.413,0.652,33.61,315.1
888,3.394,0.67,33.71,309.11
889,3.412,0.655,33.39,315.41
890,3.421,0.751,33.67,310.01
891,3.415,0.695,35.04,310.98
892,3.407,0.693,31.93,303.21
893,3.418,0.71,34.95,304.05
894,3.419,0.622,34.21,303.71
895,3.422,0.731,32.98,309.28
896,3.407,0.675,33.1,312.39
897,3.389,0.713,35.31,298.97
898,3.395,0.626,33.22,307.38
899,3.415,0.602,33.07,290.15
900,3.374,0.721,34.91,294.03
901,3.396,0.699,34.28,294.21
902,3.38,0.635,33.27,291.24
903,3.388,0.637,34.2,289.08
904,3.412,0.737,33.22,298.06
905,3.389,0.622,34.93,293.93
906,3.386,0.763,34.91,295.9
907,3.357,0.636,34.5,296.45
908,3.398,0.714,34.37,293.33
909,3.395,0.665,35.5,294.29
910,3.424,0.712,34.1,289.65
911,3.374,0.655,33.16,283.07
912,3.384,0.674,34.48,293.29
913,3.383,0.685,35.8,284.05
914,3.409,0.633,33.33,281.32
915,3.375,0.72,33.86,284.11
916,3.381,0.658,34.49,279.44
917,3.387,0.672,34.13,280.91
918,3.378,0.634,33.39,283.72
919,3.364,0.556,35.09,282.74
920,3.376,0.674,36.06,275.51
921,3.393,0.805,34.37,276.56
922,3.35,0.724,33.5,283.37
923,3.372,0.684,32.99,279.48
924,3.354,0.672,34.45,286.38
925,3.391,0.686,35.13,280.9
926,3.336,0.713,34.64,279.72
927,3.355,0.626,34.27,266.06
928,3.372,0.741,33.81,275.82
929,3.395,0.722,33.42,270.73
930,3.362,0.722,34.97,267.25
931,3.351,0.708,35.04,269.84
932,3.399,0.687,33.08,272.73
933,3.331,0.72,35.6,269.5
934,3.315,0.716,34.8,261.61
935,3.367,0.669,35.47,268.71
936,3.348,0.659,33.29,260.81
937,3.336,0.692,33.28,264.08
938,3.37,0.765,34.26,260.48
939,3.36,0.626,34.79,259.91
940,3.343,0.615,35.84,263.83
941,3.327,0.696,34.97,253.8
942,3.37,0.691,34.23,267.73
943,3.364,0.697,33.61,247.89
944,3.348,0.701,35.42,253.01
945,3.386,0.678,33.68,256.85
946,3.327,0.764,35.76,256.92
947,3.317,0.609,34.24,252.5
948,3.333,0.648,35.75,251.71
949,3.345,0.685,35.03,253.05
950,3.35,0.608,34.39,248.84
951,3.339,0.681,34.09,255.97
952,3.35,0.773,34.25,252.2
953,3.317,0.692,34.87,251.36
954,3.37,0.702,34.6,241.17
955,3.339,0.628,34.07,244.6
956,3.362,0.66,34.43,242.5
957,3.346,0.673,34.63,237.97
958,3.347,0.676,32.88,243.8
959,3.348,0.756,34.96,238.31
960,3.345,0.72,33.82,243.28
961,3.348,0.637,33.69,233.65
962,3.361,0.705,33.27,246.6
963,3.337,0.718,33.19,232.52
964,3.347,0.75,33.56,237.1
965,3.33,0.772,34.08,238.96
966,3.359,0.642,36.22,231.15
967,3.316,0.653,34.25,237.26
968,3.365,0.631,34.82,225.85
969,3.327,0.682,35.01,238.26
970,3.298,0.717,34.8,230.07
971,3.329,0.744,34.65,226.02
972,3.312,0.691,33.76,226.5
973,3.341,0.679,35.89,231.04
974,3.31,0.702,36.19,223.08
975,3.314,0.653,33.4,221.25
976,3.284,0.8,33.94,222.89
977,3.312,0.615,34.55,217.12
978,3.271,0.705,34.01,231.1
979,3.287,0.797,35.19,218.17
980,3.333,0.696,34.22,224.16
981,3.333,0.687,36.54,220.05
982,3.325,0.679,35.77,213.08
983,3.296,0.688,35.0,216.97
984,3.313,0.765,35.66,219.92
985,3.313,0.586,35.73,214.06
986,3.289,0.774,34.41,219.97
987,3.342,0.626,34.22,218.11
988,3.328,0.684,34.94,216.59
989,3.305,0.676,35.58,208.7
990,3.31,0.727,35.01,204.6
991,3.312,0.618,33.65,205.93
992,3.266,0.722,34.28,208.98
993,3.301,0.8,34.87,209.73
994,3.292,0.631,34.88,195.14
995,3.284,0.708,36.53,204.96
996,3.298,0.666,33.85,204.79
997,3.339,0.721,35.37,201.61
998,3.315,0.701,36.17,208.46
999,3.289,0.668,36.81,203.11
1000,3.311,0.724,34.68,206.55
1001,3.327,0.79,35.4,197.92
1002,3.317,0.691,35.48,202.69
1003,3.298,0.737,35.19,205.18
1004,3.283,0.636,34.96,202.56
1005,3.309,0.653,35.4,189.54
1006,3.302,0.725,33.03,192.73
1007,3.312,0.776,35.62,191.27
1008,3.306,0.719,35.18,194.45
1009,3.313,0.686,34.91,194.43
1010,3.28,0.702,36.74,185.81
1011,3.316,0.64,34.57,189.34
1012,3.293,0.733,34.8,177.9
1013,3.33,0.747,36.72,194.21
1014,3.274,0.68,34.47,183.44
1015,3.321,0.679,34.71,185.28
1016,3.29,0.716,35.04,182.45
1017,3.272,0.682,35.84,188.73
1018,3.274,0.7,35.35,167.81
1019,3.276,0.809,34.16,180.92
1020,3.29,0.692,34.77,179.47
1021,3.292,0.686,34.72,176.73
1022,3.269,0.672,35.16,186.63
1023,3.279,0.742,35.57,172.56
1024,3.321,0.696,35.57,179.86
1025,3.312,0.673,33.83,176.78
1026,3.285,0.771,36.11,180.31
1027,3.276,0.776,35.47,169.66
1028,3.277,0.676,36.39,168.34
1029,3.286,0.612,35.65,176.48
1030,3.253,0.756,36.18,172.13
1031,3.267,0.672,35.68,161.28
1032,3.238,0.746,36.4,165.3
1033,3.278,0.608,35.75,168.93
1034,3.282,0.751,35.26,170.19
1035,3.259,0.646,37.17,161.6
1036,3.299,0.744,36.07,149.43
1037,3.242,0.708,35.83,165.62
1038,3.237,0.66,34.36,155.9
1039,3.269,0.687,34.36,150.91
1040,3.285,0.742,35.63,145.84
1041,3.297,0.713,35.53,163.07
1042,3.253,0.738,34.93,158.64
1043,3.283,0.807,35.54,155.87
1044,3.26,0.631,36.71,162.95
1045,3.256,0.79,36.01,158.19
1046,3.276,0.714,34.55,162.08
1047,3.271,0.664,35.38,146.04
1048,3.225,0.643,34.84,151.83
1049,3.285,0.7,35.18,142.92
1050,3.283,0.756,35.17,148.85
1051,3.242,0.704,35.13,147.76
1052,3.261,0.786,34.52,151.13
1053,3.262,0.638,35.43,147.23
1054,3.257,0.71,35.09,149.12
1055,3.239,0.648,33.21,148.52
1056,3.236,0.729,37.2,154.77
1057,3.248,0.756,36.44,141.42
1058,3.271,0.691,35.28,137.29
1059,3.258,0.582,35.61,142.23
1060,3.239,0.722,34.66,135.99
1061,3.261,0.734,36.97,146.41
1062,3.187,0.733,37.14,136.58
1063,3.266,0.774,35.76,134.17
1064,3.208,0.659,36.46,133.64
1065,3.234,0.747,35.79,138.59
1066,3.218,0.773,34.59,133.21
1067,3.214,0.624,35.34,129.79
1068,3.262,0.73,35.79,140.33
1069,3.229,0.689,35.33,126.72
1070,3.244,0.71,35.53,130.18
1071,3.235,0.732,35.64,132.26
1072,3.245,0.69,35.66,119.84
1073,3.236,0.681,35.77,129.4
1074,3.208,0.717,34.89,120.72
1075,3.252,0.661,35.18,129.11
1076,3.222,0.661,34.73,119.19
1077,3.2,0.749,36.55,126.46
1078,3.221,0.658,34.1,127.53
1079,3.259,0.749,36.71,125.31
1080,3.245,0.739,36.91,121.26
1081,3.22,0.63,35.57,117.84
1082,3.219,0.683,33.74,115.12
1083,3.219,0.776,35.54,124.36
1084,3.266,0.668,35.79,112.5
1085,3.231,0.694,35.04,109.81
1086,3.231,0.74,35.45,117.33
1087,3.242,0.757,37.09,109.02
1088,3.226,0.705,36.41,107.25
1089,3.215,0.688,35.15,103.78
1090,3.215,0.789,34.62,107.59
1091,3.217,0.805,35.65,108.59
1092,3.216,0.767,35.75,109.22
1093,3.231,0.723,36.33,111.76
1094,3.216,0.678,35.51,108.63
1095,3.229,0.677,36.36,104.05
1096,3.212,0.745,37.51,103.01
1097,3.214,0.74,36.62,105.55
1098,3.172,0.79,35.94,108.36
1099,3.229,0.752,35.84,101.63
1100,3.217,0.645,35.71,97.65
1101,3.229,0.773,36.95,94.04
1102,3.15,0.67,35.52,90.77
1103,3.249,0.701,36.07,100.33
1104,3.204,0.733,36.08,98.89
1105,3.228,0.821,35.65,97.89
1106,3.184,0.877,34.96,93.36
1107,3.216,0.752,36.33,100.03
1108,3.182,0.712,36.03,89.58
1109,3.189,0.749,36.49,95.78
1110,3.239,0.766,35.67,89.81
1111,3.196,0.706,37.09,85.96
1112,3.204,0.812,35.42,90.96
1113,3.216,0.734,37.5,89.05
1114,3.207,0.748,34.74,87.78
1115,3.2,0.756,36.5,85.41
1116,3.203,0.744,36.54,83.81
1117,3.243,0.765,35.53,94.94
1118,3.193,0.693,36.52,87.92
1119,3.197,0.696,37.21,84.61
1120,3.213,0.669,34.43,80.56
1121,3.213,0.746,36.61,84.04
1122,3.214,0.763,34.23,80.59
1123,3.202,0.747,35.46,77.13
1124,3.166,0.809,37.54,74.48
1125,3.22,0.725,35.78,74.6
1126,3.164,0.759,35.32,58.15
1127,3.192,0.671,36.11,74.05
1128,3.17,0.706,37.93,69.56
1129,3.183,0.761,34.82,78.96
1130,3.19,0.768,35.46,70.1
1131,3.189,0.712,37.51,63.06
1132,3.19,0.723,37.81,67.75
1133,3.213,0.651,36.25,61.77
1134,3.188,0.709,35.35,68.37
1135,3.174,0.772,38.03,66.45
1136,3.197,0.756,37.64,68.79
1137,3.2,0.752,36.91,59.05
1138,3.151,0.73,35.73,62.17
1139,3.187,0.728,36.35,54.17
1140,3.188,0.695,36.27,63.51
1141,3.167,0.763,36.67,61.59
1142,3.2,0.749,37.58,60.48
1143,3.168,0.753,37.13,57.01
1144,3.173,0.702,35.58,58.07
1145,3.166,0.621,37.55,63.02
1146,3.169,0.784,36.71,52.57
1147,3.146,0.705,37.02,53.69
1148,3.138,0.686,37.65,46.57
1149,3.198,0.764,35.6,46.66
1150,3.148,0.71,36.47,50.49
1151,3.144,0.783,36.08,54.52
1152,3.12,0.761,35.27,46.72
1153,3.15,0.765,36.81,45.82
1154,3.135,0.663,38.55,43.97
1155,3.193,0.792,35.08,42.33
1156,3.18,0.744,36.53,45.47
1157,3.145,0.713,37.08,35.51
1158,3.203,0.739,36.68,48.4
1159,3.177,0.643,36.5,37.67
1160,3.15,0.752,35.56,43.61
1161,3.105,0.681,36.8,32.65
1162,3.2,0.665,36.01,41.34
1163,3.126,0.656,34.88,40.36
1164,3.119,0.788,37.6,37.92
1165,3.172,0.702,37.42,30.03
1166,3.199,0.81,36.7,35.25
1167,3.177,0.707,36.85,27.08
1168,3.16,0.648,37.54,30.74
1169,3.16,0.678,36.87,36.15
1170,3.164,0.796,37.42,33.98
1171,3.161,0.726,36.47,29.08
1172,3.151,0.707,37.77,23.13
1173,3.146,0.743,36.99,30.23
1174,3.142,0.76,36.9,26.1
1175,3.127,0.791,35.73,13.4
1176,3.136,0.808,36.99,27.91
1177,3.107,0.717,36.1,22.88
1178,3.138,0.669,36.27,28.01
1179,3.119,0.715,36.14,15.52
1180,3.116,0.749,35.95,4.12
1181,3.141,0.688,38.51,20.4
1182,3.164,0.689,37.89,19.46
1183,3.154,0.754,38.37,8.55
1184,3.103,0.734,35.86,11.11
1185,3.114,0.739,36.91,28.78
1186,3.151,0.699,35.83,12.47
1187,3.112,0.726,36.31,16.65
1188,3.126,0.691,36.15,8.75
1189,3.141,0.782,37.88,0.55
1190,3.11,0.79,36.58,9.15
1191,3.13,0.646,37.76,7.67
1192,3.101,0.692,37.4,6.0
1193,3.114,0.664,38.77,6.43
1194,3.132,0.706,35.76,7.32
1195,3.093,0.735,37.96,4.25
1196,3.132,0.667,37.88,0.0
1197,3.122,0.693,36.19,5.43
1198,3.133,0.689,37.79,0.0
1199,3.125,0.75,37.26,0.0
1200,3.147,0.743,36.82,3.7
